filename,text
resumes 1.txt,"Peter Salazar

Data Entry Specialist

Personal Info
Email
peter saazar email com

Linkedin

inkedin.com/nypeter salarar

Phone
123-546-7800

Skills

Data entry speed 60 WPM

Excellent accuracy and atiention to

detail
Advanced knowtedge af MS Office
and database sofware

cellent verbal and wren

communication skits
Ability 10 mulitask and priocitize work

Proficient in cloud services (Dropbox

Google Drive

Strong organizational and time

management abibties

Excellent problem-sotving sk

Languages

Hobby/interest

© Reading up on new data
management technologies
© Participating in speed typing

ampetitions

wkkkk
Spanish xKkKkKKe

Work History

Data Entry Clerk

Key Qualifications & Responsibilities
. ed re
Key Achievenvent

Education

Business Administration, Bachelor's Degree

Relevant extracurricular activities

Membership

Certificates

Certified Administrative Professional (CAP)



"
resumes 10.txt,"Marta emenia
Robinson

Elementary Teacher

Personal Info

Email

marta. robinsongpemail.com

Linkedin

inkedin. convin'maria.robinsor

Phone

#111) 222

Skills

Lesson Plann
Chiki Develoomem Uncerstarxiny

com Management

Parent-Teacher Communication
Panence
Creatnity

edge of Learmmg Styles
uages

wkekkn
wrk

English

Education

Spanish

Hobby/interest

yarvzing a loca’ book club for
hidren ag

° Parcipating in interactive educational
webinars ip enhary

que

raching

sechine:

Work History

er Y er WwW expe Ort kle K
pia f ex
t he by ent

f £ ul by } ACI

Elementary Teacher

Brght Ekementary Sct JAukWetown, DE

Key Qualifications & Responsibilities

ao } ‘
""

. Vi ’ 4 r t 4 it 1 T 4 7

. } y f t 1 ‘ 4
le i

be t t } ' y

Key Achievement

. fully t t [ nprehe y

Elementary Teacher

Fun Learn Academy, Middletown, DE

Key Qualifications & Responsibilities

a , ’ + 6 { r
tk j 1o¢

. { t ’ € é ) €

ti }

eM t t } est t {

WEAKNESS

Key Achievement

. re 1a

Elementary Education, Bachelor of Education
wer, DE

t

Relevant Extracunicular Activities

Awards
18-09 Teacher of the Year
Certificates

Elementary Education K-6 Teaching Certification

Prams


"
resumes 11.txt,"William Kaye

Business Analyst

Personal Info
Phone
+1-421-456-7878

E-mail
william.kaye@gmail.com

Linkedin
linkedin.com/in/williamkaye

Twitter
twitter.com/williamk

Skills

Expert knowledge of SQL and relational
database management systems

Requirement elicitation (JAD, BRD)

BRMI/CRM (Salesforce)

Proficient in MS Office

Interpersonal skills

Communication

=|
3
a
FI
p
Ei
a
a
F|
fa
2

wn ° fe)
ee ce
¢ @ 3 4
c 2 e
& g° fe
oO
an

Advanced

@
2
3
>
=)

Conversational

A motivated business analyst with 4+ years of experience. Eager to aid Arkham Technologies in solving
industry problems, as well as crafting and executing strategic initiatives. In previous roles saved $0.5
million by redesigning a client's data system, and identified a bottleneck generating 20% loss of revenue.

Experience

2016 -
2017

Education

2008

Senior Business Analyst

Xytras Media Inc.
Developed user stories and to-be process flows to support the design and
development of Salesforce solutions for the clients.
Worked collaboratively with team members to design solutions that met clients’
business requirements and fulfill user stories.
Elicited requirements using a variety of techniques (e.g. JAD, interviews and
documentation, BRDs, functional & technical specifications, use cases).
Participated in key meetings with clients including requirement sessions, system
demos, user acceptance testing, and end-user training.
Configured Salesforce and other CRM products (including workflows, validation rules,
and security controls).

Key achievements:

* Led a team assigned to a $5M project that delivered an enterprise data warehouse.

* Saved $0.5 million by redesigning a client's data system

Junior Business Analyst

LaBeouf & Wheaton
Supported the development of sales and operations strategy, setting priorities and
executing operational plans.
Optimized sales and operational efficiency through innovative thinking, process
improvement, system enhancements, and best practice sharing. Achieved up to 15%
tise in the efficiency within 3 major projects.
Engaged and worked with 3 aligned teams (sales, account management, and
operations) to more effectively achieve data needs and analysis results.
Managed 5 concurrent projects and drove them to completion with minimal guidance.
Applied quantitative analysis and data visualization captivating
presentations.

to deliver

Drove process improvement and managed all aspects of Salesforce CRM (incl
workflow, reporting, data integrity, and maintenance).

Key achievement:

* Developed and maintained sales analytics reports and dashboards to provide
actionable insights that support data-driven decision-making for the sales and
executive leadership teams. Identified a bottleneck generating 20% loss of revenue.

BA, Business Economics, University of California, Los Angeles

UCLA

GPA: 3.9

Relevant coursework:

* Economics 106

* Management 180

* English Composition 131B

Certificates

Interests

Business Analytics Certificate—Stanford University

Level 3 Certified Business Analysis Professional (CBAP)

Genchi Genbutsu philosophy

Running half-marathons



"
resumes 12.txt,"Helen Izbasa neces donee clveacrumeas ts mmamhwardmemmne die dieaae

Computer Science nt nobilk ’ 50,000 monthly users 3 days ahead o
Professional

Personal Info Experience

Phone 0 Freelance Computer Science Projects

614-670-8073

E-mail Created eCommerce site that sells

helenizbasa@gmail.com SQL, HT css i JavaScript. include

Created CAD project that action figures

:

g vath ¢
Helenizbasa.com -
Updated mobile

Linkedin
linkedin.convin/helenizbasa

le first qued All page SSeC nm average of 2 errors eac

SitHub project: ""moby."" Added kern spport for L

added device support for Windows and fixed log output for

Skills

Computer Science Projects in Past Jobs

Programming/Coding

Ecommerce

ardware for florist's

Webapp Design

Education

Leadership

2014
Creativity 18 é $ as

embe { ss nputing Machinery (ACM)

Critical Thinking * Received Robert Se f 7 science

Problem Solving abile computing

Languages

Java, C++, C#

MySQL, JQuery

HTML5, CSS3, Javascnpt, PHP § 2nd oderbyte codir

Additional Activities

* Led a coding challenge at HackOHVO 2018
* Presi 1 0 gaming club. Raised attendanc

at helenizbasa.c



"
resumes 13.txt,"ISABELLA
ADAMS

KEY ACHIEVEMENTS

Lead Author on
Breakthrough Cannabis
Study

Authored a highly-cited 2021
journal article that uncovered
vital public health benefits of
cannabis, with over 500 citations
in subsequent research.

Secured Million-Dollar NIH
Grant

Achieved funding to explore
cannabis interactions with
human health, supporting
pioneering research projects
that have expanded our
understanding.

@ Initiated Five University
Collaborations
Developed strategic
partnerships with leading
universities, enhancing
institutional research capabilities
and resource sharing.

v Established IRB-Compliant
Research Protocols
Designed cutting-edge protocols
ensuring ethical and compliant

investigation practices across all
human and animal studies,

SKILLS

Cannabis Research, Project
Management, Data Analysis, Grant
Writing, Biomedical Research, Public
Health Strategies, Peer-reviewed
Publishing, Experimental Design,
Collaborative Partnerships, Research
Methods, Verbal Communication,
Research Dissemination

TRAINING / COURSES

Advanced Cannabis Science
and Industry

Offered by The American College of
Healthcare Sciences, focusing on
cannabis plant sciences and health
applications.

Powered by (CX? Enhancy

Biomedical & Public Health Research Scientist |
Cannabis Research Advocate

+1-(234)-555-1234
Charlotte, North Carolina

help@enhancv.com inkedin.com

Extra Field

SUMMARY

With over 10 years of experience in biomedical and public health research, | bring
exceptional skills in cannabis research, securing funding, and publi
findings. Passionate about advancing knowledge in the field and improving

cietal health outcomes through groundbreaking research.

EXPERIENCE

Senior Research Scientist /2019 - 10/2023

Cannabis Research Institute

* Leda multi iplinary team in cannabis-focused public health research,
increasing successful project completions by 30% year on year
* Secured over $8 million in external funding from NIH and NSF, leading to new
investigations into cannabis’ biomedical effects.
Published 10 articles in peer-reviey wed oe nals over the past two years,
ntributing t ding scie ‘S with i impactful presentations.
‘ered collaboration across five universitie in advanced research
partnerships and shared use of cutting-edge facil :
a comprehensive cannabis research database, increasing data
retrieve ficiency by 50% for research teams.
Mentored 12 PhD candidates, providing guidance on experimental design and
contributing to their successful dissertation defen:

Raleigh, NC

Research Project Manager 01/2015 - 05/2019

University of North Caroli Chapel Hill, NC

* Managed multiple concurrent cannabis-related health projects, enhancing
cross-functional team productivity by through effective strate:
‘ation processes garnering over $5 million in resear
critically supporting 15 academic projects.
Orchestrated over 30 major entations at national forums, conveying
come rch insights to diverse audiences.
ing research protocols for human and animal studies, in
nce with strict IRB and IACUC requisite:
* Published pioneering studies on cannabis impact on public health, re:
for advancing discourse in the scientific community.

Research Scientist 08/2010 - 12/2014

Charlotte Medical Research Center

Conducted innovative research exploring cannabis effects, contributing
significant findings published in top-tier medical journals.

Coordinated with strategic partners in industrial and academic settings,
boosting collaborative project outputs by 15

Trained 8 junior researchers on data analysis techniques, enhancing laboratory
capacity for high-stakes experiments.

Delivered seminars on cannabis research methods, enlightening peers and
elevating department standards.

Charlotte, NC

EDUCATION

16 - 01/2020

Doctor of Philosophy in Public Health
University of North Carolina

Chapel Hill, NC

Bachelor of Science in Biomedical Sciences 1/2006 - 01/2010

Duke University Durham, NC



"
resumes 14.txt,"Taylor Foster

STRENGTHS

Q Problem Solving

Successfully resolved over 200
complex commercial debtor
disputes using a unique mix of
negotiation, litigation and root
cause analysis.

4% Client Advising

Counseled over 50 clients on
legal matters and recovery
prospects, explaining complex
legal procedures in plain
English.

© IT Skills

Rapidly learned new case
management systems (both
proprietary and off-the-shelf)
which boosted my case
processing speed by 15%.

SKILLS

Civil Procedure Rules -

Debt Recovery - Small Claims Track -

Case Management -
Client Engagement - Negotiation -
Legal Research - Microsoft Office «

Legal Software

CERTIFICATION

Legal Negotiations Course

Learned the art of negotiation, a
key skill in any paralegal's arsenal,
from esteemed instructors at
Stanford University.

Legal Documentation and
Pleading

Sharpened my skills on drafting and
reviewing legal documents at the
University of California, Berkeley.

Powered by (CX? Enhancy

Litigation Paralegal | Debt Recovery Expert

@enh

SUMMARY

soned Litigation Paraleg in high-value debt

very and a creditable success rate. Effective in developing strategies to
overcome disputes, adept at coordinating with enforcement agencies and equipped
with immaculate legal researc Passionate about legal advisement and
applying my knowledge and experience to achieving successful outcomes

EXPERIENCE

Senior Paralegal 2018 - 2022

Managed complex, high:

paraleg:

* Managed and clo
suc e
Expertly assessed 200+ high-value pre-legal debts, identifying suitable cases

legal action

+ Drafted and filed 100+ a
S| ing up court proce:

and provided strategic supervision to junior

efended cases, achieving a vigorous 8

urt bundles, improving case clarity and

Litigation Paralegal 2015 - 2018

Law Offices of Kim & Chang San Francisco, CA

Assisted lec prehensive c g ng resear

very rate by effe
k and multi-trac
tly
ement agencies

ralegal 2012 - 2015
Latham & Watkins LLP San Francisco, CA

Responsible for supporting
‘on credit and debt recovery.
* Processed 500+ cases through the Small Claims Track, gaining practical

knowledge of the Civil Procedure Rule:

Developed a str

situations, both face-to-face and over the phone.

s in all aspects of ment, foc

le in different

EDUCATION

Master in Legal Studies 2010 - 2012

nara »rsity Palo Alto, CA

Bachelor of Arts in Legal Studies 2006 - 2010

of California, Berk Berkeley, CA

LANGUAGES

English



"
resumes 15.txt,"Gary K.

Mathewson
Certified Bank Teller (CBT)

Personal Info

Ema
ParyenathewsonSF7 Fee.com

Phone
847-621-7687

Linkedin
Sikeden comvindgarysmathewsongo9

Skills

Cash Oviwer
Balancing
Customer
Contdentiakey
Riecordaeeping &
Documentation
‘Accounting, Accounts Tote tek

Payable & Accounts
Recelvable

Deposas, Loans,
Transters, Money
Orders, od
Werdrawats.

KKKKK

kkk kk

KKKKK

KkKkkk

Friendty and accurate bank teSer wath over 3¥) years of experience helping customers in

downtown Viheet

ing. Woted ""Teer of the Year"" in 2018 for exceptional cussoener service.

Secting to usre extensive knowledge of consumer banking, processing depose.

Withdrawals, and
at SEL Bank

Waesfers, and answering inancial questons 10 become the nem bank teter

Work History

2017-03
2019-12

Education

2019-09
2022-08

2015-09
2018-06

Bank Teller

First Savings Bank, Véheoling, It

Key Qualifications & Responsibilities

© Processed daly chert vansactons, including deposts,
transfers, loan payments, and selling casheer'’s checks.
Attztatoly maintained records of each transaction and ensured ail
Gocumentason and paperwork was in place and wilhun comphance.
Assisted chents with various questoes and concems related to ther
accounts and bank produc
bielped custoxners open and close checking accounts. cred cares,
SAVINGS BCCOUNES, pertonal loans, and moligages.

Key Achievements

Voted ""Teles of the Year"" in 2018 foe exceptional customer service

whdrawals, money

Bank Teller

US Nabonal Bank, Wheeling, IL

Key Qualifications & Responsibdities

© Assisted chent relationship managers af bank branch with customer
account research and maintenance.
Conducted cach chent transacton etficienty, accurnely. and estectiely.
Helped chenes access thes sate deposa boxes, Cash boues, and Gears in
the bank vault as necestary.
tssued traveler's ch CasPwor'’s checks, money orders, and ocher
finanoal options.

Majoring Toward a Bachelor of Science in Banking and
Finance
iinots State University, Normal, It

Expected Completion: 2022 (part-tene, mgm classes)

Relevant Coursework: Prnoples of Accounting, Consunser Finance and
Banting Fundamertais, Financial Management, Risk Analysa, Invesiments.
Cryptoqurmency Trading.

High School Diploma

Wheeling Technical High School, Wheeling, tL

Courses and Certificates

Certified Bank Teller (CBT)

Teller Specialist Certificate Program — Independent
Community Bankers of America (ICBA)

ABA Bank Teller Certificate — American Bankers
Association



"
resumes 16.txt,"Charlotte
May

STRENGTHS

® Strategic Thinking

Skilled in developing
effective strategies with a
proven record of growing
client base by 30% in two
years.

2 Conflict Resolution

Resolved over 200 trademark
disputes, protecting our
clients’ intellectual property
rights and saving potential
losses.

® Diligent Research

Committed to thorough
research, resulting in
uncovering crucial
information that avoided
costly legal errors for clients

SKILLS

Trademark Prosecution -
Intellectual Property Law +
Negotiation - Conflict Resolution «
Legal Research - Legal Writing -

Team Leadership

CERTIFICATION

Intellectual Property Law

Certificate

A training course for lawyers
offered by New York State Bar
Association.

Trademark Law Specialist
Certification

An intensive course offered by
the International Trademark
Association (INTA).

Poweredby (CX? Enhancu

Trademark Attorney | Intellectual Property |
Licensing

help@enhancv.com linkedin.com Undefined

SUMMARY

lemark Attorney with 14+ y perience. Proven success in resolving
trademark disputes, gro e, and cultivating cro:
relationships. Ngths include strategic thinking, negotiation, and le
research. Master's degree holder in Intellectual Property Law.

EXPERIENCE

Trademarks Attorney 2016 - Present

Baker McKenzie New York, NY

Led a team of five junior attorneys to provide demark services
cluding prosecution and enforcement.

structured approach to trademark tracking that saw a 40%

Managed over 1000 active trademark files ensuring accurate and timely
responses to official jons

Directed cross-jurisdictional teams to successfully prosecute over 500
trademarks across various industries

Intellectual Property Attorney 2010 - 2016

Jones Day Los Angeles, CA

Assisted in representing clients in trademark matters including registration,
infringement analysis, enforcement and dispute resolution
ecuring their key trademarks, increasing

d a key role in re
safeguarding clients! inte
Drafted and negotiated I ensing agreements resulting in 5
clients’ royalty income.

us trademark disputes,

Associate Attorney 2006 - 2010

Target Brands Minneapolis, MN

id attorneys in trademark registration, portfolio management and
nt activities,
din managing a 5000+ global trademarks
‘ontributed to a 30% reduction in potential trademark infringements through
proactive research and analysis
Actively participated in several large scale acquisition and merger operations.

EDUCATION

Master of Laws (LL.M), Intellectual 2004 - 2006
Property Law

Harvard University Cambridge, MA

Bachelor of Laws (LL.B) 2000 - 2004
Philadelphia, PA

University of Pennyslvania

nhanev.com



"
resumes 17.txt,"J | LL Engaging Elementary Education Teacher wath over five years of experience
Quiding indrvidualized instruction and meeting state standards. Proficient in English as a

SANTOS Second Language (ESL) instruction and Individualized Education Plans (IEPs), Seeking to

bring intelligent, enthusiastic solutions to your students at Smith High School

Elementary Education
Professional Experience
Personal Info 2023-08 - Fourth Grade Teacher
present West School District, Smith Elementary

Phone Increased standardized test score for student: scrence (30%) and
(55°) 385-5955 reading (24%) by implementing creative coursework into the curriculum,
E-mail Established an extracurricular book club that resulted in 50+ students
jillsantosl1@gmail.com joining and reading an average of 9 books a year.
www Integrated technology into learning with Smart Boards, iPads, » and
van janesantos.com computers.

Built a collaborative and friendly classroom environment using and
Linkedin
5 =A enforcing behavior quides, team teaching, and interactive learning.
linkedin.convinjanesantos1
Twitter 2012-08 - Teaching Assistant
twitter.comfjanesantos1 2013-08 West School District, Jones Elementary

+ Worked in both a kindergarten and first grade classroom.

Skills + Collaborated with classroom teacher to administer tests and

Curriculum instruction to students,
Curriculum Design + Maintained constant communication
SESE

Advanced 2011-08 - Interactive Field Experience
Time Management 2021-12 South School District, Wilson Elementary
es * Provided teacher and classroom support.
Excellent * Led educational games and group activities

Ditferentiated Instructon * Leveraged knovdedge in special education to support teachers and

students within self-contained (resource) and inclusion classrooms.
————

Intermediate .
Education
Student Safety
——— 2008-08 - University of Texas at Austin Bachelor of Science in
Advanced BiPy sean

Elementary Education
+ Graduated Cum Laude; asked be commencement speaker at graduation.
* Active member of Alpha Phi

Volunteer

2024-01 - Big Brothers, Big Sisters

present Active Volunteer

* Connected and built a relationship with talented 9-year old girl

Certified in First Aid & CPR (American Red Cross)

TX Teacher Certified



"
resumes 18.txt,"Dedicated logistics director with 4+ years of experience leading purchasing and strategic

E | bert G | |) bs sourcing operations. Seeking to reduce expenses for Gross Supply Inc.. At Corp Products

Worldwide, achieved 989+ {ill rates and 100% on-time shipments with 15% cost reduction.
Logistics Director

Work History

Personal Info

2018-08 Logistics Director
~ 2020-01
Final Bread Run Inc
elbertzgibbs@gmail.com
Key Qualifications & Responsi ies
Phone ¢ Managed all logistics, shipping, and inventory management for a food
530-765-4070 products firm with $S00M in annual revenue,
Linkedin * Increased material availability by 35% with improved scheduling methods.
linkedin.com/in/elbertzgibbs © Maintained inventory in 4 warehouses for 135 bakeries.
© Decreased storage costs by 5% through increased direct deliveries.
¢ Personally monitored inventory levels of all packaging components,
Skills Key Achievement:
© Generated and analyzed historical data records leading to recovered
Vendor Relations kKekkk assets valued at aver $150,000.
Materials Selection wok wk we 2016-05 Logistics Director
- 2018-07 .
Contract Negotiations ew ke & Outright Asset
Quality Assurance wekKkek ¢ Maintained 90% service level for 3 categories to 165 stores.
© Collaborated with supply planners and global external supply team to
Purchasing Options KkKKK increase inventory velocity by 20% across the business.
Communication Skills eww w& © Achieved 95% shipment accuracy rate by managing exports,
¢ Drove down purchase cost by 10% through shortened lead times.
Planning Skills kkkkk
2015-08 Sales Supervisor
- 2016-04
Languages Reliance Strategic
¢ Maximized profits 25% by negotiating carrier pricing.
cerual KKK e Assisted with scheduling 50+ product deliveries,
French KxKxekknk ¢ Ensured all quality assurance checks were completed and maintained.

Education

2011-09 Associate Degree in Organizational Management

+ 2015-06 ri an
California Lutheran University

Publications

© Article on top supply chain technology tools published in Supply Chain
Management Review,
© Anticle on meaninglul metrics published in Supply Chain Digital.

Certifications
Supply Chain Management Certificate.

Lean Six Sigma Cert!



"
resumes 19.txt,"Morgan Bradshaw

Executive Director

Dedicated executive director with 5+ years’ experience managing nonprofits. Seeking an Personal Info

opportunity to extend Mace Fair's reach while broadening its support-services. At the

Phone
Midwest Animal Welfare Alliance, leveraged $9+ million in revenue and created a

719-942-8496

partnership worth $350,000 a year while increasing capacity by 1

E-mail
Experience morgan. bradshaw@reslab.com
2017 - Executive Director Linkedin
present Midwest Animal Welfare Alliance linkedin.com/in/morganqbradshaw
* Oversaw the consultation and implementation of 11 sets of livestock 5
handling best practices. Skills
* Spearheaded a range of organizational changes worth over $9,000,000. Budgeting
* Negotiated new fundraising partnership with Sly Media, slated to bring in
$350,000 p.a. Communication

Directed the design and construction of a shelter capable of housing

450+ domestic animals, Decision making

2015 - Program Manager
2017 Thompson's Addiction Support Center Delegation

* Organized the Center's most successful community outreach program to

date. Leadership

* Led the onboarding of 12 new staff at the Center's secondary offices

* Co-developed new protocols that have kept referred in-patient relapse
Management

rates down 14%

* Saved up 100 labor hours per month by streamlining reporting and

Negotiating
feedback processes.

Education Persuasion

2011 - MBA, Colorado State University

r m l
2013 * Pursued passion for business ethics and social responsibility. Problem solving

* Worked closely with the nonprofit Macy's Group for final consultation
project Project management

Accolades
Languages
* Recognized at the Colorado Nonprofit Summit for Outstanding

Contribution, 2019 Ukrainian

« Awarded the Paws/Play Highest Tier Contributor Prize, 2018 ecee
Advanced
Spanish
eee

Intermediate



"
resumes 2.txt,"Paul N.
Rooney

Construction Project
Manager

Experience

Personal Info

adarana s Construction Project Manager

4670 Davis Lane

Denver, CO 80202

Phone
209-142-9281
E-mail
paul@rooney.com
Skills

Team Management & Delegation

Managing Multiple Large-Scale

Projects

Safety Compliance

Planning & Legal Compliance

Fisk Management
Master of Construction Management

Negotiation Skilts Relevant Coursework

Languages

Spanish

as Bachelor of Science in Construction Management
Conversabonal r 7 afe

Spa Key Achievemer

—

Conversational



"
resumes 20.txt,"Paul N.
Rooney

Construction Project
Manager

Experience

Personal Info

adarana s Construction Project Manager

4670 Davis Lane

Denver, CO 80202

Phone
209-142-9281
E-mail
paul@rooney.com
Skills

Team Management & Delegation

Managing Multiple Large-Scale

Projects

Safety Compliance

Planning & Legal Compliance

Fisk Management
Master of Construction Management

Negotiation Skilts Relevant Coursework

Languages

Spanish

as Bachelor of Science in Construction Management
Conversabonal r 7 afe

Spa Key Achievemer

—

Conversational



"
resumes 21.txt,"Peter Salazar

Data Entry Specialist

Personal Info
Email
peter saazar email com

Linkedin

inkedin.com/nypeter salarar

Phone
123-546-7800

Skills

Data entry speed 60 WPM

Excellent accuracy and atiention to

detail
Advanced knowtedge af MS Office
and database sofware

cellent verbal and wren

communication skits
Ability 10 mulitask and priocitize work

Proficient in cloud services (Dropbox

Google Drive

Strong organizational and time

management abibties

Excellent problem-sotving sk

Languages

Hobby/interest

© Reading up on new data
management technologies
© Participating in speed typing

ampetitions

wkkkk
Spanish xKkKkKKe

Work History

Data Entry Clerk

Key Qualifications & Responsibilities
. ed re
Key Achievenvent

Education

Business Administration, Bachelor's Degree

Relevant extracurricular activities

Membership

Certificates

Certified Administrative Professional (CAP)



"
resumes 22.txt,"Karen Sarah
Kelley

Lead Esthetician

Personal Info

Email
karen.s.kelley@email.us

Phone
813-476-6683

Skills

Make-up application
Skin analysis

IPL hair removal
Customer service
Communication
Problem-solving
Salon management

Product know-how

Conferences

* The Health and Weliness Expo CA,
2017

Licensed esthetician with 10 years of experience in performing advanced beauty treatments.
including IPL hair removal. At Norma E: Clinic maintained 96% client satisfaction,
boosted product sales by 10' #4 months, and successfully trained 3 new empik

Seeking to contribute to HealSpa with proven management skills and beauty service

expertise.

Work History

Lead Esthetician
Norma Esthetic Clinic US

Performed skin care treatments such as microdermabrasion, chemical
peels, exfoliation, tinting, and deep cleansing facials.

Consulted clients on skincare and beauty produ

Managed scheduling and organized promotional events that increased
sales by 10% over the course of 4 months.

Supervised 3 new employees and supported the manager with the clinic
hiring operations.

Built long-lasting relationships with clients that resulted in a 70% increase

in returning customers.

Esthetician
Lavender Spa NY

e Run the salon's schedule of appointments and managed the inventory.
Provided waxing and IPL hair removal services.
Performed 30+ make-up application treatments per week
Cept spa equipment sanitized

Education

Cosmetology Associate's Degree
International Beauty Academy, (Santa Monica, CA)

2013-2014

Taken part in a one-year cosmetology program cavering: skin care
expertise training, introduction to ology, and chemical safety

¢ Completed a four-month intemship at the spa salon, where performe

facial weatme and make-up application sessions.

Licenses
State Esthetician License, July 2016

IPL Hair Removal Certificate, June 2015



"
resumes 23.txt,"Helen Izbasa neces donee clveacrumeas ts mmamhwardmemmne die dieaae

Computer Science nt nobilk ’ 50,000 monthly users 3 days ahead o
Professional

Personal Info Experience

Phone 0 Freelance Computer Science Projects

614-670-8073

E-mail Created eCommerce site that sells

helenizbasa@gmail.com SQL, HT css i JavaScript. include

Created CAD project that action figures

:

g vath ¢
Helenizbasa.com -
Updated mobile

Linkedin
linkedin.convin/helenizbasa

le first qued All page SSeC nm average of 2 errors eac

SitHub project: ""moby."" Added kern spport for L

added device support for Windows and fixed log output for

Skills

Computer Science Projects in Past Jobs

Programming/Coding

Ecommerce

ardware for florist's

Webapp Design

Education

Leadership

2014
Creativity 18 é $ as

embe { ss nputing Machinery (ACM)

Critical Thinking * Received Robert Se f 7 science

Problem Solving abile computing

Languages

Java, C++, C#

MySQL, JQuery

HTML5, CSS3, Javascnpt, PHP § 2nd oderbyte codir

Additional Activities

* Led a coding challenge at HackOHVO 2018
* Presi 1 0 gaming club. Raised attendanc

at helenizbasa.c



"
resumes 24.txt,"Gary K.

Mathewson
Certified Bank Teller (CBT)

Personal Info

Ema
ParyenathewsonSF7 Fee.com

Phone
847-621-7687

Linkedin
Sikeden comvindgarysmathewsongo9

Skills

Cash Oviwer
Balancing
Customer
Contdentiakey
Riecordaeeping &
Documentation
‘Accounting, Accounts Tote tek

Payable & Accounts
Recelvable

Deposas, Loans,
Transters, Money
Orders, od
Werdrawats.

KKKKK

kkk kk

KKKKK

KkKkkk

Friendty and accurate bank teSer wath over 3¥) years of experience helping customers in

downtown Viheet

ing. Woted ""Teer of the Year"" in 2018 for exceptional cussoener service.

Secting to usre extensive knowledge of consumer banking, processing depose.

Withdrawals, and
at SEL Bank

Waesfers, and answering inancial questons 10 become the nem bank teter

Work History

2017-03
2019-12

Education

2019-09
2022-08

2015-09
2018-06

Bank Teller

First Savings Bank, Véheoling, It

Key Qualifications & Responsibilities

© Processed daly chert vansactons, including deposts,
transfers, loan payments, and selling casheer'’s checks.
Attztatoly maintained records of each transaction and ensured ail
Gocumentason and paperwork was in place and wilhun comphance.
Assisted chents with various questoes and concems related to ther
accounts and bank produc
bielped custoxners open and close checking accounts. cred cares,
SAVINGS BCCOUNES, pertonal loans, and moligages.

Key Achievements

Voted ""Teles of the Year"" in 2018 foe exceptional customer service

whdrawals, money

Bank Teller

US Nabonal Bank, Wheeling, IL

Key Qualifications & Responsibdities

© Assisted chent relationship managers af bank branch with customer
account research and maintenance.
Conducted cach chent transacton etficienty, accurnely. and estectiely.
Helped chenes access thes sate deposa boxes, Cash boues, and Gears in
the bank vault as necestary.
tssued traveler's ch CasPwor'’s checks, money orders, and ocher
finanoal options.

Majoring Toward a Bachelor of Science in Banking and
Finance
iinots State University, Normal, It

Expected Completion: 2022 (part-tene, mgm classes)

Relevant Coursework: Prnoples of Accounting, Consunser Finance and
Banting Fundamertais, Financial Management, Risk Analysa, Invesiments.
Cryptoqurmency Trading.

High School Diploma

Wheeling Technical High School, Wheeling, tL

Courses and Certificates

Certified Bank Teller (CBT)

Teller Specialist Certificate Program — Independent
Community Bankers of America (ICBA)

ABA Bank Teller Certificate — American Bankers
Association



"
resumes 25.txt,"Cora Clark

Office Assistant

Personal Info

Phone

216-544-4910

E-mail
coraqclark@gmail.com

Linkedin
linkedin.com/in/coraqclark

kype
coraqclark

a

Twitter
twitter.com/coraqclark

Hard Skills

Customer Relationships

Engaged office assistant with 6+ years experience, seeking to facilitate office excellence at
Caliphon Inc. Have fulfilled shipping, CRM data entry, and other office assistant duties at various
firms. Improved customer complaint resolution by 53%, decreased scheduling mistakes by 32%.

Experience

2012-07 - Office Assistant

2017-08 Castle Rock Mineral
Fulfilled office assistant duties for a fast-paced chemical company. Maintained
customer relationships, handled shipping, communication logistics.
Monitored and responded to client emails. Resolved complaints and issues
53% faster than previous office assistant. Increased customer retention 22%.
Used MS Office, Word, and Excel for correspondence, scheduling, and repo:
Decreased clerical errors by 15%. Lowered scheduling mistakes by 32%.
Performed CRM data entry for all sales orders. Completed and sent sales
orders to warehouses. Noticed a recurring problem that saved $25,000/year.

2011-02 - Office Assistant

2012-06 Terrence Darby Dental
* Performed all medical office assistant duties in a dental front office. Performed
daily administrative tasks to keep the medical office running smoothly.
Communicated with insurance companies to ensure proper billing
Decreased clerical errors by 15%.
* Communicated directly with patients.
* Increased positive patient survey scores by 25%.

2010-09 - Freelance Office Assistant
2010-12 * Handled office assistant duties in several temp and freelance positions.
+ Performed clinical and administrative tasks.
* Fulfilled CRM data entry of customer orders.
Answered phones, responded to customer emails.
Received frequent management commendations for efficiency and attitude.

Education

2009 - BA, Liberal Arts, Walden University
2012 * Pursued a passion for public speaking coursework.
* Excelled in writing and composition.
* Handled show scheduling for college radio station.
* Member, Women in Technology Chapter.

Technical Proficiency
Typing Speed: 90 WPM
10-Key Data Entry: 9,000 KPH, Zero Errors
MS Excel: 95% on Isograd MS Excel Test

Additional Activities

* Teach yoga classes once a week.
* Member, American Society of Administrative Professionals.

Volunteer Work

Assist twice a month at the Presbyterian Church Food Pai



"
resumes 3.txt,"E-enail
Jennderminas<gmad com
inkedin
Inkedin.cominjennderminas
iter

twitter. comvjennterminas

c

Zz

Hard Skills

Expert
First Aid & CPR
——
Expert
Tutoring
SS
Expert
Potty Training
a
Acearsed
Food Prep
———
Adeanced
Soft Skills

2
!

Ey

3

Communication

|

F

ce

|

Physically Fit

Listening

Compassion

|

Compassionate, response babyuttet toeking to deliver chad caro excellence for the Otalor
taendy. Have worked as a babytaner for 4 taeniies, camp counselor, and daycare worker, Recetved
4 patent commendations for rehabiity. Decreased confict indents by 16% at Camp Wanakee.

Certifications

Red Cross Babysitting Certification

CPR & First Ald

Experience

2015-10 Babysitter

2017-10 © Worked as regular babyutter for chidren trom 4 dtlerent LamBes Recened
frequent commendasons from ai four sets of parents.
Created learning games that improved a G-year-old's shyness.
Taxghi a toddies to swien, along wath water salety lessons.
Tumed a 3-yoar-cid's cesta tor peas into a love for thom,
Cieaned up aher several toddlers on a regular basis, incorporated clean-ep
Yann 6 Ofkst thew add and teach thorn to clean up aber themselves.

Camp Counselor

Camp Vianakee

+ Served as came counselos for two seasons, fullding of des including
teaching, coaches, supervision, salety. and one-00-000 counseling,
Tanga archery. wooddrall, model boat-bakding. swimming. wraler-tderg, and
soccer, Was ohten pched as counselor-of-choice to lead remote hives.
Provided coniict resolution. incidents decreased by 15% under my supersision,
thanks to my emphasis on building strong relatonships.

Daycare Volunteer

Suony Bright Onare

* Volunteered weeny at a mid-sized daycare. Responstite for child interaction.
confSct resolution, playground supervision, and game creaton.

« Changed diapers on lite kids, often amounting to 10 dupersiday.

Education

2013 - Lafayette High School

2017 * Math dub secretary, 2016-2017.
+ Peet tutor. improved grades of my chents 25% on average.
+ Seudent council meander.
+ Soccer teaen capean.

Additional Activities

© Wil amend coflege in 2018,
» Fluent in Sparssh,

© Reguiatly watch my reece ard nephew,

+ tn charge of meals tor local youth campng trp.
+ Play in a weeldy local soccer league.

fe goal of beccareng a chad social worker.

Volunteer Work
Regular volunteer, YMCA
Regular volunteer, 4H Club

Organized a car wash to raise money for local animal shelter



"
resumes 4.txt,"Food Server

Personal Info
Phone
513-5125-0000

E-mail
rachel.w.williams@gmail.com

:

rachel-munchies.blogspot.com

Linkedin
linkedin.com/in/rachelwendywillia.
S

=

Skills

Customer Service

POS

Dining Room Setup and Layout

Stress Tolerance

Decision Making

Restaurant Intercom Operation

Dependable Fine Dining Server with 5+ years of experience in a renowned French
restaurant. Increased average monthly sales by 18% by actively upselling and
recommending wine-pairing decisions. Trained 10 employees. Seeking to leverage my
expertise to help Restaurant XYZ boost customer happiness scores.

Experience

2013 - Head Server
present ABC Restaurant, New York City, NY
* Worked in a high-paced environment, typically serving 10-15 tables
at a time.
Provided excellent customer service: greeted customers, provided
perfect seating by their requests, explained food and beverage
specials.
Actively resolved customer complaints and issues with delegating
them to higher management.
Reconciled cash register at the beginning and end of day to verify
revenue sales. Decreased register errors by 40%.
Key achievement: Increased average monthly sales by 18% by
designing and introducing a system of recommending wine-pairing
decisions based on taste and menu.

Waitress

PHO 206, Newark, NJ

* Provided outstanding customer service to an average of 60 guests
per night.
Delivered ac ite food orders for each patron, three plates on one
arm.
Averaged 23% tips on $1,000+ nightly sales.
Processed food orders via phone, prioritized and organized work to
ensure the restaurant ran smoothly behind the scenes.

Hostess

Seaside Grill, NJ

* Orchestrated the seating chart for incoming patrons.

* Delegated side work for other hostesses.

* Oversaw the cleanliness of tables throughout the restaurant.
* Volunteered to run food when servers were busy.

Education
2011 Forest Hills High School, Queens, NY

Interests

Healthy lifestyle and fitness: ran 4 marathons in 2018, calisthenics
trainings 3x a week

Avid food blogger at rachel-munchies.blogspot.com



"
resumes 5.txt,"Lydia Manzo

Sales Manager

Personal Info
Phone
757-729-1432

E-mail
lydiafmanzo@gmail.com

Linkedin
linkedin.com/in/lydiafmanzo

Twitter
twitter.com/lydiafmanzo

Hard Skills

New Business Development

|
bd
3
2
a

Budgeting
——S SS SSS
Expert
Conflict Resolution
—
Expert
Finance
SE
Advanced
Coaching
a
Advanced
Soft Skills
Leadership
Ee
Expert
Teamwork

Advanced
Work Supervision
—
Advanced

Passionate Sales Manager and CSE with 4+ years’ experience, seeking position with Carlson
Stoves. For Pilla N.A., grew business 15% per year. Boosted revenue 30% through targeted
training of 50 reps. Slashed response time to 30 minutes companywide and cut turnover by 25%.

Experience

2014-10 -
2017-11

Regional Sales Manager

Pilla North America

* Developed new business with point-of-sale stores and mobile reps. Worked
with 50 sales reps to grow business 15% per year over 3 years.

+ Increased revenue 30% through targeted sales rep training.

+ Used applied technologies to slash lead response time to 30 minutes.

* Cut turnover by 25% through team morale and motivation program.

2013-08 -
2014-09

Sales Manager

Capital Home & Hearth

+ Head of sales for high-end home & hearth store.

* Pushed sales revenue from $750,000/yr to $1.1 million in 1 year.
+ Increased staff training to drive lead conversion up 20%.

2010-06 -
2012-08

Manager Experience

Various

+ Led the customer outreach team at Hubert Shoe.

* Was the go-to conflict resolution employee at The Weathervane Restaurant.
* On-boarded three new employees at Trent Landscaping.

Education

2009 - BS in Management, Virginia Commonwealth University

2013 + Excelled in budgeting and sales coursework,
* For a one-year senior project in leadership, built the new campus blog.
+ Head of the Anime Club. Increased membership 75%.

Certifications

CSE (Certified Sales Executive) - SMEI.

Sales Leadership Certificate - Cornell University.

Conferences

2017 Rainmaker Conference. Headed a Panel on Budgeting.

2016 Pulse Conference. Spoke on a Panel about Cross-Selling.

Publications

Article on How to Manage a Sales Team Published in ""Sales Hacker.""

Interviewed for the Accelerate! Podcast about Staff Coaching.

Additional Activities

* Organize yearly fundraiser for local PTA.
+ Regular volunteer to recruit helpers for local Habitat for Humanity Chapter.
+ Leader of weekly cycling group.



"
resumes 6.txt,"Victor Durand

Engineer

Personal Info
Phone
978-289-2658

E-mail
victorjdurand@gmail.com

:

VictorDurand.com

Linkedin
linkedin.comvin/VictorJDurand

Quora
quora.com/profile/VictorJDurand

Twitter
twitter.com/VictorJOurand

Hard Skills

Manufacturing Production Design

|
3
bi
a

Equipment Installation Layout

|
x
3S
®
a

Lean Manufacturing

m
x
3s
2
a

Material Handling Layout

3
S
3
a

Workflow Development

Advanced
Soft Skills
Leadership

Energetic mechanical engineer with 9+ years experience. Seeking to put proven skills in process
and production design to work for Boeing. Increased production efficiency by 35% at Raytheon

IADC. Decreased costs 28% and cut lead times by 22%. Lowered defects 32% department-wide.

Experience

2014-06 -
2017-07

2009-05 -
2014-06

2008-06 -
2009-05

Education

2004 -
2008

License

Award

2015

Manufacturing Engineer

Raytheon IADC

* Designed manufacturing procedures, processes, and production layouts for
equipment installation, assembly, machining, and material handling.

* Redesigned machine arrangements department-wide for improved efficiency.
Increased production efficiency by 35% over previous arrangement.

* Spearheaded the Quality, Cost, and Time Lean Manufacturing initiative.
Decreased costs 28% and cut lead times by 22% across the departme!

* Increased production quality, measured by 32% less defects, 25% less
customer complaints/returns, and 30% less rework on all projects.

Manufacturing Engineer

BAE Systems

+ Executed daily manufacturing engineering activities, including working with
teams to design and implement manufacturing processes and layouts.

* Increased employee engagement in the Lean program by 42%.

+ Administered the manufacturing department's customer communication
initiative. Increased fidelity of communications with customers by 22%.

* Redesigned Kanban system. Decreased inventory by 53%.

Freelance Engineer

* Sourced a small motor gear box for a customer's specifications.

+ Assisted with design of a small custom microscope optics system.
* Performed CAD design for a new sports visor idea.

* Consistently delivered to customer needs at 20%+ under budget

MIT, BS in Mechanical Engineering
Followed my passion in Product Design and Manufacturing coursework,
+ Excelled in Mechanics and Materials.
Pursued an independent study program in Machine Layout Design,
Wrote a weekly column on Lean Manufacturing concepts in The Tech.

Licensed Massachusetts Professional Engineer

Spearheaded team that received Shingo Prize for Manufacturing.

Additional Activities

Active member, American Society of Manufacturing Engineers.

Delivered a presentation on Lean Manufacturing at the Mechanical &
Aerospace Engineering Conference in 2017.

My article 10 Mechanical Engineering Best Practices was published in iCrank,
My article Lock Picking for Fun and Profit was linked to by Engadget.



"
resumes 7.txt,"Marva M.
Campbell

Social Media Manager

Personal Info

3

hone
509-657-8620

“mail
marva.campbell@gmail.com
Linkedin
linkedin.com/infmarvacampbell

Skills

Moderating Social Media Pages

Increasing & Maintaining Social Media
Presence

i
eS
i
:

Strategic Community Building

Communication Skills

Languages

Spanish (Spain)

Professional Working Proficiency

Social media marketing manager with 2+ years of experience at a growing digital agency with S
separate brands. Managed 2S social media accounts on Facebook, Twitter, Instagram, Pintere:
and Linkedin. Digital Marketing Associaton (DMA) Certified Digital Marketer. Grew total jal
) users) in less than 2 years, Seeking to leverage brand
ial media coordinator at 5Poiniz

manage g skills to become the

Creative Group

Experience

2019-10

Social Media Manager

Sanford Digital, Portland, OR

Key Qualifications & Responsibilities

+ Managed, maintained, and modera 5
Linkedl

dars in weekly and monthly

media accounts on F
Twitter, nstagram Pinter

+ Develop social media

* Write, post, and share engaging and creative copy, stories, images, and vid
to promote the associated brands

* Worked with content marketi xclates to share and reshare content
immediately after pos

Key Achievements

* Increased brand recognition online marke

Social Media Specialist
Kwantity Media, Portland, ¢

Key Qualifications 2 Responsibilities
+ Assasied in eloping plans and executing strate build an ever-growing
social media presence

Monitored, measured, analyzed, and created rep social demographics
user info, and other related inte noe

Created live social media coverage on Facebook and Twitter durin, high-
profile events.

n line with the company’s brand

Designed graphics D logo

and vaice
Key Achievements
+ Grew total social media followers by over 30 than 2

Education

017 Bachelor of Arts in Internet Marketing (Social Media

Strategy Specialization)
vant Coursework: Dig) Keling, Advanced Soci:
Advertising & Brand Building, Copywriting for Adverti: Professional Ethic

Media & Advertising, Social Media Engagement, Content Marketing, Managing

Comments & Fe

Certificates

acebook Blueprint Cenified Pi al
0gIe Anal S$ Academy: Analytics for Power Users Certification

ager Certified Content Marketer

Membership:

American Marketing Association (AMA)

mernet Marketing Association (IMA)



"
resumes 8.txt,"Cora Clark

Office Assistant

Personal Info

Phone

216-544-4910

E-mail
coraqclark@gmail.com

Linkedin
linkedin.com/in/coraqclark

kype
coraqclark

a

Twitter
twitter.com/coraqclark

Hard Skills

Customer Relationships

Engaged office assistant with 6+ years experience, seeking to facilitate office excellence at
Caliphon Inc. Have fulfilled shipping, CRM data entry, and other office assistant duties at various
firms. Improved customer complaint resolution by 53%, decreased scheduling mistakes by 32%.

Experience

2012-07 - Office Assistant

2017-08 Castle Rock Mineral
Fulfilled office assistant duties for a fast-paced chemical company. Maintained
customer relationships, handled shipping, communication logistics.
Monitored and responded to client emails. Resolved complaints and issues
53% faster than previous office assistant. Increased customer retention 22%.
Used MS Office, Word, and Excel for correspondence, scheduling, and repo:
Decreased clerical errors by 15%. Lowered scheduling mistakes by 32%.
Performed CRM data entry for all sales orders. Completed and sent sales
orders to warehouses. Noticed a recurring problem that saved $25,000/year.

2011-02 - Office Assistant

2012-06 Terrence Darby Dental
* Performed all medical office assistant duties in a dental front office. Performed
daily administrative tasks to keep the medical office running smoothly.
Communicated with insurance companies to ensure proper billing
Decreased clerical errors by 15%.
* Communicated directly with patients.
* Increased positive patient survey scores by 25%.

2010-09 - Freelance Office Assistant
2010-12 * Handled office assistant duties in several temp and freelance positions.
+ Performed clinical and administrative tasks.
* Fulfilled CRM data entry of customer orders.
Answered phones, responded to customer emails.
Received frequent management commendations for efficiency and attitude.

Education

2009 - BA, Liberal Arts, Walden University
2012 * Pursued a passion for public speaking coursework.
* Excelled in writing and composition.
* Handled show scheduling for college radio station.
* Member, Women in Technology Chapter.

Technical Proficiency
Typing Speed: 90 WPM
10-Key Data Entry: 9,000 KPH, Zero Errors
MS Excel: 95% on Isograd MS Excel Test

Additional Activities

* Teach yoga classes once a week.
* Member, American Society of Administrative Professionals.

Volunteer Work

Assist twice a month at the Presbyterian Church Food Pai



"
resumes 9.txt,"Ewan Lyons Certified master electrician with 7+ years of experience. Seeking to provide safe &

efficient electrical design, installation, and maintenance at Ophelia Industries. At Amp
Electrician Systems, installed and repaired key electrical systems. Identified a complex wiring

issue that slashed fire risk 38%. Managed 9 apprentices with 18% efficiency increase.
Personal Info

Experience
Address P
ELS 2014 - Master Electrician
LONDON 2019 Amp Systems
Be Installed and repaired key electrical systems, including fixtures.
Phone wiring, and motors. Exceeded productivity targets by 23%
077 7483 9649 Trained and onboarded 6 electrical apprentices
E-mail Installed switches, circuit breaker panels, and relays.
ewanlyons@gmail.com Designed and implemented power and control circuits

Managed 9 apprentice electricians, prioritizing and assigning work
Linkedin

’ Assessed work quality and drove 18% efficiency increase.

linkedin,com/infewantyons

Installed and maintained switchgear and electrical distribution centres
Tey up to 14,000 volts, observing all lockout-tagout policies.
(Walter. comewanlyons Key Achievement:

Fy * Identified and repaired a complex and hazardous wiring issue. Built

Skills

and supervised a team of 6 specialists. Reduced fire risk 38%
Risk evaluation ‘ Pee

Maintenance Electrician

ST:

Industrial control systems

Knowledge of safety regulations

Wiring diagrams

Amp Systems

¢ Maintained and troubleshot high and low voltage electrical systems
and controls, including VFD controllers and variable speed drives.

¢ Used Total Productive Maintenance to cut downtime by 32%

* Inspected job sites alongside inspectors. Ensured NEC compliance

Key Achievement:

a « Slashed costs 28% by installing factory-wide energy saving devices.
Precision .

[SESE Education

Mentoring skills 2011 Diploma in Electrical Installations (Level 3)
Es 2013 West London

Accuracy

a Additional Activities

Volunteer electrician, The New Moon Rescue Animal Shelter

Course

Domestic Electrician Course, RT Training Solutions



"
